entity_id,temperature_c,tariff_usd_kwh,renewable_policy_index,equipment_efficiency,load_h00_kw,load_h01_kw,load_h02_kw,load_h03_kw,load_h04_kw,load_h05_kw,load_h06_kw,load_h07_kw,load_h08_kw,load_h09_kw,load_h10_kw,load_h11_kw,load_h12_kw,load_h13_kw,load_h14_kw,load_h15_kw,load_h16_kw,load_h17_kw,load_h18_kw,load_h19_kw,load_h20_kw,load_h21_kw,load_h22_kw,load_h23_kw,true_pattern,predicted_cluster
ene-000,27.19385511332009,0.08481841423659517,0.1925736952405287,0.9097793011160664,321.8417649678154,374.7597734297586,358.3529067761044,369.5741313731851,994.7371233213988,1061.1159153194258,1063.8664628565991,1052.2359519094955,1117.277007602479,1126.721063891621,1108.116531270877,1166.0089584479804,1104.4314450230706,1141.9269156768598,1073.7188556888266,1042.9522759529764,50.494504476849514,418.3398422580369,365.1106764482,354.34660700359626,357.02485081587,397.7938046564192,404.82848745729734,297.8320396198248,energy_intensive,3
ene-001,20.16673291053995,0.09537766979404232,0.1687180441215841,0.9069965627401896,430.94757302443804,424.07213959518293,426.8826124297192,422.1736350700212,20.43783010933185,472.37633156573685,495.2072154691488,439.9318749546925,407.78771067578936,1197.472993400872,1265.8435213244657,1277.7953934599059,1286.576572620099,1263.7885843005827,1344.4446001166573,1375.9720659220573,1395.4844398957237,1409.5556168680835,1344.0634516605369,1323.6109466930648,1265.4150585971863,1257.587907071307,476.7577568818464,381.09430287401534,energy_intensive,4
ene-002,26.92183488471349,0.0977398956936962,0.40062686506201817,0.808939299515502,353.0636550116922,387.55453106544167,407.50896841117975,424.4894035805698,429.50232424541633,432.7991939396029,387.03149626975664,382.62820405265023,1146.5693351982331,1106.95932867199,1070.5323667064977,1092.1791704703887,1128.6834854311212,1222.1755336610738,1240.992690632586,1276.462427490757,1218.1495647193512,1208.597410304272,1190.6370465452426,1125.217778128556,1140.0011034490658,377.77573895031827,387.29566744338916,385.86068310479317,energy_intensive,4
ene-003,24.432777046283217,0.15914092515460304,0.3592558238650623,0.8991886797334642,461.91622085538694,428.83310429850457,414.76555725594926,,360.0251358320017,370.45875347021365,376.0122497024857,1158.0513157967907,1221.2177906761497,1172.3074068881967,1212.3586675501047,1315.1730840709215,1283.1007100117977,1366.1599233133882,1308.3576052625228,1325.320765619154,1257.385136945301,1244.2202310437267,1265.13044944054,1136.7135811897665,455.51540890949207,444.33517580504883,407.56562545931916,370.5044288182461,energy_intensive,3
ene-004,19.122353428138045,0.13727396427186916,0.36334687618302797,0.7841062951772628,479.0315840098369,456.9348120726841,436.79569101137804,483.61614637523,,1145.2741220854168,1140.597992920668,1179.994816708608,1167.7508063722807,1291.1774418540613,1289.7704921412833,1251.307229190947,1256.3136682825732,1277.6136059848343,1261.1522088001543,1280.6382012688207,1302.554049379933,442.6959739397583,380.89803424841756,331.995807312037,433.0357201012151,378.5502574338173,429.27269730417186,430.99000078916214,energy_intensive,3
ene-005,16.64636541739651,0.18916131204614206,0.6350063597529483,0.9222355236968203,443.8244702184711,472.24336167264045,457.565933350813,416.7897334756716,387.0791518659177,442.3362474544405,462.4779672755058,547.354283466943,1295.61875184608,1338.1107909326624,1277.385010647314,1263.9852267085398,1306.5907504144852,1360.284518840731,1531.2763720311177,1409.7710609283984,1471.2998210685944,1352.02245623134,1394.7757333859126,1336.9761512505793,,466.91323639823764,435.5072545915404,485.8956298895848,energy_intensive,4
ene-006,27.863632759661147,0.09340157550913843,0.4037979589723798,0.9119098627721485,549.3717643153594,485.7934636335127,495.15393805319303,544.2646270204203,491.9554352262473,461.61323393695534,534.6559326132326,502.07285269054347,555.5468094757161,1344.0163282855133,1279.2087850197981,1280.7612785905026,1445.2312084907528,1482.263622803743,1434.6909883677142,1464.5539430789693,1569.552899815058,1429.7078050109824,1400.2612832075135,1430.256709004053,1346.7603872503037,1346.377136120229,477.5301501040417,498.69033360998526,energy_intensive,4
ene-007,25.893630021542045,0.09200583964423084,0.5976571689296418,0.9313952467817808,394.1172823126896,345.8093361310692,1333.463742504387,369.3195011672308,391.34579789081755,441.95609046856316,351.1719511829388,406.11828556816226,385.3030657685254,1371.277660456776,1163.55629743153,1147.232396337298,1186.7165885540328,1142.4048258557984,1148.684379577091,1204.8420857552182,4399.799648358454,1268.0409614228706,1203.3635527484005,1217.5692296621874,1186.101618358693,1250.5862223480224,1208.5573516973948,373.6953480913693,energy_intensive,4
ene-008,25.393019337757536,0.0858720125889893,0.45468628966658275,0.9093357600919062,350.8346886724242,371.7560147217016,358.11843048525543,388.8388826133634,323.54532452582083,334.98262342077214,476.30068555006903,1038.20857536998,1048.1042461312209,1170.1695723949756,1227.6999503124175,1095.0180839036325,1162.4670763708693,1222.6752426569963,1290.3352442469968,1170.5299259638684,1167.2941665214753,1171.5200869120633,1130.7311094067334,1083.2980592963836,390.5502385999982,339.4209116798366,383.3702906163406,382.11306881875623,energy_intensive,3
ene-009,24.91537507261481,0.17433293585348134,0.3776796193561095,0.8531670042590671,358.9425337392272,333.04035531359455,370.3037043273756,1244.1661461672209,434.237020357637,1052.0283650280098,1011.6099470009118,976.6864415081685,978.4125908730624,1086.0976773024327,1085.615460299678,1122.9955969730406,1055.2199630183973,1139.0507824408699,1092.4952929187473,1003.4851170000766,1001.4165423252437,1013.5414270778427,363.8080137769171,349.2316537297404,355.3903473797747,1224.7325273249535,371.5653877177103,360.84742033017204,energy_intensive,3
ene-010,22.856093654969044,0.14758177145961118,0.15705744893796075,0.9178859693715711,353.45376617737645,315.5927661762344,270.20107204354184,338.5347028861152,384.4036237012011,277.50973079886376,356.12446990798577,317.1661210604799,907.1302010563885,876.642501691456,905.9588832937006,972.5626999132263,971.8791633465423,1039.5538586543964,1048.3748784943284,51.760202432846405,1066.944556503521,997.1610122940792,979.9207724639748,920.228274616076,919.1030673269,307.64929607051755,360.9321620385183,289.31178615643125,energy_intensive,0
ene-011,26.21013967620395,0.12604691308694174,0.5645928496851059,0.9075339685286326,325.02238867270955,,281.3047216814884,250.00953025397212,268.52347186083927,326.00212191415636,301.278398845969,263.5376390157756,756.7772513953171,788.1546779731336,757.7558391671188,784.4578380089519,832.0266809676575,881.8208025525806,889.6785016167624,817.0788149286143,881.058016962602,851.1422656389794,834.9119541589259,849.2357806690433,733.7778435950582,268.8161308122846,300.55027187063916,,energy_intensive,0
ene-012,24.6472826660582,0.12997497580259212,0.5952397067177927,0.8361182148153771,560.2435891125916,460.54966448203334,493.91198685954043,495.6465678654355,,475.480689507642,475.2444671063009,501.1408104369926,531.073803622235,1287.4538285701544,1335.4717508896204,1421.4905655268192,1333.2906615371937,1363.1092617579643,1456.7102390484756,1527.4637072647733,1503.5050968543765,1550.8493065737823,1488.2958070081809,1443.4172514219717,1395.9178663920172,1462.3280428427918,476.7125036034234,386.9577310283378,energy_intensive,4
ene-013,16.221166031551434,0.10624081026901273,0.6096453057538437,0.7908740686291195,391.32381011007135,394.4932059977288,385.20073856722536,,288.28122024139384,377.0545137410767,1021.9837956834476,1059.1915527432716,1074.8790838735104,1068.6466354649176,1118.0671441485943,1132.4625710204793,1174.6274620985314,1140.957912223859,1148.0256586934438,1131.2467531978086,1120.3310307983847,1048.7055718352474,1068.1024101847936,367.99705730045804,371.25218204118283,406.11114749150005,300.1653982072586,1207.7678748047483,energy_intensive,3
ene-014,26.567342644169504,0.15000491763185547,0.44344788997518236,0.8075747483863595,457.8014390792796,,543.160833965452,554.8413171082525,486.42406187314646,556.1153327282923,494.36133518382945,449.0191131362318,1329.4223093434578,1289.028720902634,1326.6629081745307,1372.0957963359854,1463.1092200795865,1552.8494456723074,1441.224689322019,1544.6489907457662,1457.958435356575,1491.8155715659834,1417.3280781874694,1299.9522310956227,1415.6334856823466,464.2501127436366,464.72244800033076,437.6381754592815,energy_intensive,4
ene-015,30.63596021944379,0.1429703726434327,0.43946314025915256,0.9133804144109705,480.01211912788256,590.0680320469406,477.33289494819803,421.27845943981623,547.0262915734079,477.8919581820912,549.3731476640925,513.2647570219303,24.401103103218407,1388.1629851431042,1470.395380471059,1485.317971260391,1405.7318819772674,1444.6484805934315,1535.150849439096,1480.8847666936547,1555.7795269187436,1521.4054227255033,1497.4706116213686,1395.5392249123563,1323.734034222959,1280.195216066179,443.1572869509463,472.6779991213376,energy_intensive,4
ene-016,12.055128029256014,0.17422028259320138,0.3233569439149289,0.8091864508215206,448.4965496579476,408.01765292014807,467.27750345010946,374.1173229897173,422.61855022278695,532.0914636795521,431.9625059398737,1231.950345000413,1177.8800309188964,1205.97436725528,1195.8331716788846,1220.4522187783753,1233.3711278608614,1319.2676503531181,1279.3420811379165,1329.2047731254186,1312.1289360443798,1243.1296274854303,1186.1417841503378,1200.6185323472332,412.82207928409775,462.77561077542146,345.19209852949007,408.20548096192886,energy_intensive,3
ene-017,24.78891490083271,0.12771569300548524,0.3815961605142407,0.8086278650245157,469.35259760859117,348.14744710949554,288.24740808002645,387.43861696853213,508.8722545154255,427.52794730813844,,428.9494039944382,1072.4068505876726,1126.6966609714625,1150.1621948473748,1158.8424863337361,1223.307367529454,1242.5143120480955,1289.5359164610065,1247.7382127231356,1298.9382321792157,1295.1325015986097,1151.159975949278,1126.0006660874515,1200.8144164514006,405.27396148538816,468.11088889885804,391.7638442064459,energy_intensive,4
ene-018,17.80642397653298,0.11746498751506768,0.3992901751188911,0.8809680977908698,408.84172585071775,515.6412342105444,458.62458506202125,540.384924185631,368.7195170376285,446.8358554295012,1262.725958302907,1307.404282169102,1367.9888548352558,1366.5613913515501,1396.7309115827736,1445.648581410878,1503.1670992006368,1460.7322485345042,1527.5719066232843,1485.487010955446,71.38387447919615,1402.2266534029516,1370.3520660048941,587.4202114373755,481.5711025667019,470.07831146286026,448.252458693755,506.66684114377966,energy_intensive,3
ene-019,28.286378895783955,0.16056548532931664,0.36405321971642113,0.8850897224581423,289.69408117986075,266.15613856316577,314.168376108396,309.55433357038464,283.75152922805484,780.5886908489706,816.9851538516882,811.6670839347785,775.9665277104957,835.8206932653543,871.7033752052664,861.969616087647,903.0711900740827,845.969723866412,902.6625380690394,873.7484386724288,810.4264006060772,816.7247906548174,221.15838772858558,255.51758947727797,13.994280815013187,257.34195807965244,286.1828803786855,297.8550881901817,energy_intensive,3
ene-020,19.160406574155765,0.16133746153241607,0.5805229552639792,0.7893031048664231,512.9568546421298,429.1336463333955,522.4653038627301,438.97318954344337,512.5591216929979,591.1887751606868,417.5000906607753,436.0434232027784,478.9597576959269,474.3004037239221,1427.7289189026358,1402.2493679136342,1310.1960111291446,1444.6150030032832,1424.7901908818687,1563.166428708408,1509.2539471128214,1525.631504300496,1567.7021413842706,1537.585036172319,1476.0828422474501,1334.5415716473785,1425.8700540120424,452.53785884764966,energy_intensive,4
ene-021,25.031761994622357,0.12487361462444105,0.18209276681777578,0.8892256666283764,19.283226248561746,366.39319183835374,305.861950854076,320.98847055108916,328.5657052468058,300.13779019982934,335.0611172867434,303.04022819559066,874.2732761938263,933.0097597443352,861.7451861655462,41.52784923664059,981.5867368820286,1040.8867356784724,972.7162579123647,934.4790344901174,975.7490185660952,950.1601337307277,923.966193342106,872.1324848858868,913.5835959537926,339.40443534056766,272.840678059833,342.48020517587133,energy_intensive,0
ene-022,25.634218531645438,0.11293216206663081,0.24482323697599775,0.8412735459620464,417.26133555826164,514.4518926808079,426.65784765921956,506.67274421975856,386.48987092632325,,1220.878459107305,1176.9137825393643,1239.6096828889838,1314.8010514375353,1287.8209929971417,1264.1927000768837,1351.5096049637582,1298.4757587491392,1287.015555844619,1258.6088917497793,1157.8447402150607,1144.494745757948,458.75934104515943,412.4613902662159,323.05077737963023,468.32959281297434,359.0673439296193,441.35395621659944,energy_intensive,3
ene-023,30.67779534996158,0.08560565308323746,0.16696022094953603,0.8530558318180863,272.27049118565685,273.21371218137404,294.5622487555573,372.20020120919173,313.21334855230094,312.2369233202503,295.5659943987657,325.1374539568884,,338.34651478061807,818.0273908681978,822.4571659012965,826.4322101057011,876.5499296879135,918.7550783147954,887.4266247298925,913.2189953590255,945.5425465678054,918.5998018848226,929.8357300949395,806.0318238384655,827.930396367662,817.3151265001009,233.33714387363634,energy_intensive,0
ene-024,26.68688230033626,0.09654994127132215,0.1284244120032891,0.8062590206113208,384.3239566825902,385.052800115658,394.07791861596434,457.7727388884708,423.951692333093,461.62915524916343,432.96966619620736,464.0120860935048,388.8798898198881,1201.9882710869438,1196.042125185347,1160.088985003445,1162.2505893668017,1289.9660557569841,1284.6878444688423,,1346.0488604794175,1384.5351266883904,1201.0207446774177,1195.3472211391586,1190.0238493893028,1276.155081268598,449.4141282681759,467.76540443602823,energy_intensive,4
ene-025,26.655273745224317,0.10379912647479417,0.3484156562735418,0.8403507705290767,408.62545459293966,378.03769578842736,536.496783295129,545.7513571701203,1302.6729334717952,1264.7486837909707,1368.8445291289609,1428.7840943562012,1505.0120559227025,1487.149000903268,1484.0281202857861,1475.0120041631742,1502.7118390259116,1447.381231552458,1367.8633500564893,1483.295053972974,1451.0623723529138,547.0622259481105,1553.1904397530272,529.5282351947164,518.8394383903287,495.32175398518643,525.5365333019596,526.9624069138212,energy_intensive,3
ene-026,23.093688734358423,0.08555716660092057,0.45674056533451857,0.836003486708525,264.45910095077465,240.62608555246942,221.68599278217312,272.0656973599671,254.8029622362006,235.27853613658695,315.1895494987616,316.48094173668323,306.60697900158664,755.2295497582054,786.4429749973391,755.0740611584565,770.9439500857923,754.7625940023033,819.6631667488006,832.8138308505755,805.1171355217361,829.8032142126096,806.8007839454913,832.7654037331876,789.5990132948107,755.0576637140176,278.76605182566146,271.58825066439726,energy_intensive,0
ene-027,25.639224137112738,0.18577045924951358,0.20706505709309855,0.8179129786509032,470.11394028900014,,426.77515351063903,389.36134982379394,1132.9550411264051,1196.2828665739303,1205.235849298848,1260.7307907022043,1282.3755740031045,1268.8897233761681,1256.648643480277,1310.2780470096498,1318.7724564753735,1265.9202945220225,1211.0513155212882,1216.7578072304007,1167.6905458430822,401.9243378598531,439.2496121404891,408.19495309665115,435.4975671220333,349.1365151279457,419.8719938767467,467.41319397806245,energy_intensive,3
ene-028,43.07312207620521,0.14390883111228558,0.3454839865748783,0.8943372036148646,482.60312178032063,492.6773742158378,1763.6029602659626,429.5960894628405,383.1958504172746,395.5817446529867,487.4983777408186,487.5910443214105,480.4046145228029,,1218.277242247492,1370.4321133537085,1435.6374157632054,1324.2382084342507,1394.4533661781384,1420.7929194612066,1453.970826635618,1497.9415997900358,1566.8310475974206,1546.701899402714,1396.5856794138626,1471.659383538338,1361.4679060263056,575.3694384666842,energy_intensive,4
ene-029,12.248451357617814,0.1077679919604546,0.2768643697447256,0.9253126749953745,528.3466929317358,494.992745140981,398.68655811405205,467.588965191515,536.34150087032,493.19687414678486,505.3657621601203,,508.25631349278575,512.7893493487029,1268.4569640816244,1399.4864467449029,1327.080796610001,1323.991388703674,1426.2792676444137,1478.265902501123,1480.5533259573779,1572.0551983139017,1448.6603186273694,1454.1286820182884,1400.3947490417765,1392.61413562794,1389.074468448314,446.20274326419167,energy_intensive,4
dis-000,36.36178902314447,0.17857342906659934,0.6851384759774333,0.8302625641187491,636.7813157889149,633.564589372936,636.3618913775565,699.9681397887013,737.2338107683836,634.5275088907129,489.00175325257914,445.57513916047185,361.6415490633837,212.7497703109257,51.539814086725094,-54.474904016742414,-112.38164870006486,21.502891050670616,,311.95291543464094,29.773867896737666,670.442028531214,863.5653216825336,877.0791369259342,840.4217737860271,877.0666456167056,724.4176384320849,736.367540668662,distributed_energy,1
dis-001,25.857720491455,0.1409858207243927,0.7227010386730388,0.8281050751640543,844.9194807878533,832.6707674359754,810.8099674155711,635.9272026509375,689.8436043960261,697.0268650563884,32.035472156689266,713.2194368177913,712.5134715064105,704.5453966803408,617.7583334424498,577.2519271419463,1058.0421235526082,218.07063481974615,28.549048093503366,-49.16249537291257,-6.072138886179523,-36.21296359597329,219.822317813053,335.7756059216837,575.7707596751417,712.9415595153309,824.6682232753399,848.0215359181115,distributed_energy,1
dis-002,23.786335582859454,0.1892705348252296,0.7483137350874542,0.7917919902426295,515.1599801220347,453.5932069619622,451.99777222462444,,442.43513221272644,430.73135856713816,450.8185648044262,422.31379249284527,398.1020040129008,405.1939408562737,282.5133869655592,329.68438700679417,136.0749380763262,94.3571122548941,56.18064588470671,-20.063854274543043,-92.61107754973635,-38.398306911552126,121.51501204747207,199.2382199823362,410.7073198163639,1572.2608269828324,521.5364347454324,573.3187131221226,distributed_energy,1
dis-003,31.88884722903543,0.12434542245309901,0.8466366255220498,0.9167586816540938,542.6984074610567,554.9630946395868,487.4417815236926,,514.2731869514057,393.8553641826719,258.49551259982695,202.476761511072,254.20243795441263,-101.04671987829808,-66.84390213680649,4.912070000788238,118.8185817517186,297.85469971966756,391.0888711753031,589.7416430335439,643.5626276232618,658.0485662781646,689.7177871360066,675.8909416475416,652.1967446115702,536.6759280650622,524.7294755902749,531.135754794699,distributed_energy,1
dis-004,27.69680800801343,0.15715302113677754,0.983522863969948,0.895911491748563,776.4431011726075,732.3937566715675,689.5240716464342,656.7713675928048,671.0242147798486,718.6227180826784,679.066123029596,673.6782078798733,644.0986987575486,511.2334285567371,439.67784332824186,258.7358360549874,11.622251509090182,0.6709169539827462,-121.85318994846826,-109.5315128237662,84.87605686436436,305.11963434942624,576.4367138397192,733.4556389381505,830.7310074903377,904.5674124053927,866.3628842094934,817.8173139381026,distributed_energy,1
dis-005,24.657886527444052,0.13286683940365374,0.8097582680799951,0.8256429924683106,464.12562338042204,498.2120371856685,502.64587702663516,469.96245273439075,444.95124027566703,470.96418777471627,423.4669871856662,410.02613893575545,386.9987775819489,252.08514958260082,187.3469191938062,69.93957351276926,-68.9093289689837,-33.77300634529652,3.0566592235794086,94.18352570147573,212.98214296916697,356.86376609396,483.18630762157005,585.5619426831424,555.2872752424365,584.0438043767987,497.69343303509265,500.63032138351076,distributed_energy,1
dis-006,26.595566710356913,0.10976953674979464,0.9596971708272262,0.9060561188735264,515.3032397978947,480.1960510326551,491.0317635246501,470.89244696768793,523.7988813840076,457.8903724551645,504.6833697346129,430.5065599407806,418.6390182162721,328.3664103518708,292.35168764870696,213.49697236784812,46.58104660096214,-45.41926250533631,-104.27155921203693,-27.797787134038284,40.113488376022005,213.45601161248686,402.272957820002,557.5468524146123,676.229639469352,581.9120953189134,632.371706424475,560.0540184767634,distributed_energy,1
dis-007,22.369953697876248,0.13403831910305028,0.9625608568377061,0.8073426522549261,495.5996041762466,369.3856636188769,433.03403988431427,405.91018033241886,396.04859690652364,411.649895611782,429.08169770094463,398.2669585181233,346.7656722733352,352.1661790916798,286.81145905543553,158.0944874565666,70.97499302066511,2.21695535703146,-25.597196722610725,0.9724003191410614,98.40331556479319,227.14563694909413,311.4199924637181,466.9045833571535,467.2876528648497,499.9859679137801,546.075747415583,504.3008193705228,distributed_energy,1
dis-008,10.08233563949269,0.10411081381264956,0.7229327695022553,0.9227832540085652,398.28954777675875,418.6543603512937,380.143248123311,420.708873849256,406.0163858679125,379.1841298767047,381.0610257328669,355.64795191687364,304.67388783367085,288.4904366573733,139.0277773876439,35.2028227046143,-93.33417635314873,-83.16043614759695,-24.816806660077123,60.35987394615943,248.78057017609746,333.945616913792,477.5013740801574,501.61514941650455,517.1249348511757,498.97981381186514,473.6631416287358,495.62203803286695,distributed_energy,1
dis-009,17.104776016870236,0.1334811283184503,0.741064629370047,0.8595446565898123,563.86495094831,470.8005245902887,444.5781840588751,430.40533006349375,405.3631077773125,446.1221148502234,445.8412995709124,419.2276160181815,436.5352488213485,403.3363128458887,351.5943039862921,338.85691952766354,245.69564160403002,144.6546675872543,85.95974551266823,-105.46499093504268,-100.05182549003437,-52.24856822050402,70.94724301315848,205.92173147755585,301.3229355229407,420.52669273709654,484.51294166066083,597.811227014401,distributed_energy,1
dis-010,16.064753200249925,0.12650074376992684,0.711648404710578,0.805591484735436,681.0003669934543,682.4178212452521,598.509750766699,691.0509238573977,593.2449053987885,616.1695260393669,507.3754833447691,322.62244124378225,215.8911680926096,85.56091687532374,-25.69336920621545,-100.16748234240654,43.11957845238826,176.87162715308295,328.2547842874384,585.4465028941703,806.2826144089594,903.7713214009555,781.8529081240941,772.233618600087,838.9079254606272,676.5917680611183,628.8646289309262,671.1463310148938,distributed_energy,1
dis-011,27.397126551449,0.09873753130243708,0.9925219503651537,0.8747415139064999,756.2222411666588,765.1606931834061,644.173916551432,642.3054037419008,634.1249790568968,782.748584281016,685.7019891964786,704.8277966160888,618.4938313514118,588.3481429070545,483.1092961024549,267.98863284651975,593.1405424729647,-15.903785838804014,-161.63421928383644,-151.84453079486784,34.096198220260234,130.2238584562329,407.3029162205027,579.781657362763,766.101341059741,784.3834914537256,878.6370500706313,864.2704415606221,distributed_energy,1
dis-012,23.768770428939526,0.09041037450743275,0.7081219213448906,0.9173916224076233,719.1208147159253,731.0869829661619,674.7850909004961,714.7308903027084,738.6241480421672,731.7454522272416,756.029312649392,695.2353864200595,496.37298354420454,500.2564327612781,221.5546047540258,126.06492237688161,-54.915291057430416,-121.34940169541261,-120.69909488365842,131.31893187357346,288.02175254473565,640.8141208940731,846.7041881866782,834.4976030783236,917.8375178936195,840.9968622146966,796.9270530158952,,distributed_energy,1
dis-013,16.04162338008871,0.17666399817607936,0.7805712056453186,0.887364803019834,539.6467049806206,495.12236509074955,509.14646028214605,506.0433407035359,477.8823999128232,524.8657330588262,508.3984308763624,472.7306987842076,445.7987366726409,349.36796704113897,164.02423679011395,66.1134992511518,-64.01870592051601,-71.19733301392823,-43.092060411923725,158.02031374403975,274.7871801410851,415.85276349897,593.9418632684054,547.6215437374198,573.4999886753494,655.8584440196885,594.5614176152101,567.4614893843408,distributed_energy,1
dis-014,22.782348337947777,0.13725031881439503,0.8122865001385253,0.9111240862199074,455.87634388643573,380.7914304460035,402.79815232542796,374.29151128016883,351.71433698836745,331.27261503618934,188.0430635959128,168.22048829689732,67.26393277722678,-42.75893853720988,-135.64175924045182,-48.32326209623019,121.61058789214859,136.96484750289954,,429.3696016306299,551.7469330111709,524.1888827542554,541.4164429475277,516.7814176753736,526.5443833051471,419.28552908463183,366.8859478522565,438.75991247685926,distributed_energy,1
dis-015,37.85906653254047,0.08444391517263795,0.8970289512703209,0.8373353246724169,384.68177513444255,438.2561853656609,458.59411514067557,432.586762110033,362.09100911355335,377.973892329809,352.8570951915034,194.71558959173285,117.50468185037988,71.12869628807427,-94.8093301372051,-48.437874288277094,37.96700608508659,98.76337730432871,241.22258262615583,440.192680179755,459.57703650098523,504.52323575229866,27.93740497713482,543.7083846928924,484.9156253718387,440.95778185173225,1453.2423193857899,431.4625417664718,distributed_energy,1
dis-016,26.187206934199576,0.14002432634891526,0.8402234582779513,0.9507950995008976,406.16185787568963,355.40376265142515,400.2345410753941,442.34932385647903,400.9548852133068,372.84685091991753,357.00097597328966,333.93162058306825,291.813105840926,217.10275693131507,160.71606848992474,-7.0749459467415,-8.30199123531586,-65.45431841808559,-6.225189463618397,45.656839442232084,236.4655222748604,357.9503775270638,,436.5873453105562,516.2069123072451,490.69561216881135,408.9638709361247,426.2976290588039,distributed_energy,1
dis-017,20.516091583526492,0.14254266861741088,0.9693570787034747,0.8820715879019246,861.4694290466329,818.5315727557819,756.7130950761239,776.4883075135095,571.5236805043054,698.8712463061047,705.4793979876712,622.687281165885,705.8433545799834,741.1954837464591,577.2309176205242,563.560164665919,370.3572075400011,214.5991912235136,147.77329815533776,-85.50336686460034,-77.63416188224646,-123.9332352424693,233.192524845613,396.3811319226958,583.544488037773,799.9672023696309,804.1914448555831,,distributed_energy,1
dis-018,25.4216916692757,0.13590122062560694,0.8028336212685938,0.9690148296376255,435.88440727533515,432.5764587336947,515.1585970250461,396.51059213082567,484.11096458388613,485.37543186436926,410.34363755672376,492.4840448023477,424.6685026990505,370.9989694322922,260.2421357353469,147.9175868743269,39.467885027550516,-24.175357264369364,-19.087849697080408,-13.202084746725362,58.790708787540176,253.93410563491386,398.0808206302148,500.98930446379154,568.3905332031262,554.3608009473104,1812.9108734657652,489.37236481932706,distributed_energy,1
dis-019,26.758235730089925,0.16933352573057653,0.8270168101599594,0.9199488876919892,28.15399142814672,587.9606495396758,519.7685586650146,558.6781900689467,491.0495946146489,596.4946298148208,,528.4804971723626,570.2947992100482,474.6790174767016,305.60269695521737,166.60823243161641,43.85153515179199,-25.019822884585828,-80.84192037912246,-38.15470743918869,162.7002058835238,274.83279957835776,539.6058297626405,591.3729559102769,735.0342502833793,702.1635469014017,705.8775313275954,604.1620818640936,distributed_energy,1
dis-020,17.569792038829533,0.08769247946245473,0.8183930856171024,0.928620127100881,394.67993173420615,453.8216714472374,485.6628713823675,449.1124467969493,376.1706705055144,435.589128434851,422.3338595468664,463.9122905078296,298.4070394046807,249.82601760504795,210.1346922756457,60.680537845418726,-18.98633466612496,-59.858225192755505,-8.657157001349614,112.67515936392927,205.13523752455563,400.9827385531163,442.4198644736411,561.321945630068,574.4719402826701,533.3775293811398,521.2686024211007,472.486702751438,distributed_energy,1
dis-021,22.595246776302524,0.1799469071211206,0.9270080207326679,0.867576964303891,668.5180576948787,584.0553551917849,611.224608435794,607.6991444735274,691.649264089365,,594.9031317661247,584.666987382813,392.90330873224343,368.68945244656,310.08390121960826,71.62985925195076,-48.925203998286236,,12.975539802245867,35.59603290435864,251.10725997307497,537.1325546915173,654.8179859286549,837.4293864761519,790.1565802570013,695.3135980334448,681.444291656642,573.1705067978203,distributed_energy,1
dis-022,20.509671904786522,0.12431675693583927,0.9419423122007379,0.9094525998110413,399.24648424557336,396.46007614709686,323.66040074111424,396.92928494596185,395.128657554531,388.02318997921435,404.1560686236234,342.05309466560476,414.64529790511034,310.5397561835321,310.87512240675665,176.5212664073845,107.30959770519787,79.67054070658986,-37.99501355335906,-31.24913040606356,-9.790789172162532,71.68239821543303,231.19646121553959,309.06999360883935,,444.0797402014136,495.2532445428477,477.5659327965388,distributed_energy,1
dis-023,23.081844742762723,0.1690934810089358,0.6811647017762686,0.8550945842141899,429.1663697291245,443.5754026667782,408.2397111337166,384.1396517855156,361.4370168415867,318.39344524922313,221.3300421099011,158.50183634786796,68.22743554345038,-85.19822140124072,-61.530576771374015,-25.518477232524855,97.11294280466826,226.03234673846347,321.46786824694266,437.73930232620916,541.7866540083421,590.25920828541,474.14894022610497,523.1230678276235,519.9218174392096,1631.1479147708308,467.16370650195955,437.43088494524795,distributed_energy,1
dis-024,22.4857552500931,0.10802011851292143,0.6972633336196826,0.9593216899397051,470.1576178430975,488.6750761790466,455.0299785969176,451.84948950427963,489.0054768453813,453.50745012928957,459.4276374436758,402.1033011295826,305.2735718470253,183.74344723804836,107.90899617214532,-78.94569158548602,-73.10941692357335,18.672440747992233,143.55212541513953,208.36352727278862,407.5200856995549,592.6191260308466,635.7392612247663,644.7145885091495,612.1450315162546,571.7094377984967,561.9767567921621,538.3573258076434,distributed_energy,1
dis-025,15.173308593690658,0.17025565382444646,0.9122735015946521,0.8346924264491493,597.9496986471847,556.0956926840319,620.9089853438724,451.5057678144561,527.1472642889355,487.257175061137,533.1461190745359,507.299412451613,516.9355990667265,497.93116146211963,401.2135321960799,341.01164448298886,94.38472055632755,110.64810271582179,-28.53448708620168,-33.76147084480475,-65.86084102958702,70.94579563709954,269.36266457946425,426.79612143848124,566.3375832371424,669.9883026999881,587.570145054608,668.0993377762497,distributed_energy,1
dis-026,19.80791738409102,0.12210614790582813,0.9929924889615553,0.9478706689205044,454.5398277498159,495.71136117039345,451.7819491934051,433.1085409110972,433.1858475239956,475.9004611126462,422.09718193477477,338.08781135468627,259.2096946165756,108.8354488443268,59.78401612908789,-93.87091174875076,-40.47304744401848,-15.271103958395926,166.31784366432123,199.44973761928972,376.62970146875404,552.0374661903824,598.9793805940756,556.592412182926,569.8085510190842,531.3134316570971,509.8981609096732,460.12282358263593,distributed_energy,1
dis-027,13.573712429177208,0.08299003468473436,0.9854803528914083,0.9149032072103784,491.7748889254938,452.8630369353343,461.6171301944954,405.50367026819197,389.87038770635144,349.2269799742311,320.9410503664199,145.26878618055426,71.1253963676032,-57.302917389141015,-59.364867855390926,-25.086743646743145,123.39959882072492,228.05371484358344,345.3053716748748,471.62406375090086,569.8245498798852,564.7632970549229,603.4723677946268,541.1301979913234,604.7980245382843,472.8018546150745,426.08693051785554,513.4606102827602,distributed_energy,1
dis-028,24.439651887514177,0.14940032085499205,0.9587612746151318,0.9013088302753007,645.7013794767457,676.7770461274345,615.6643650837519,577.1743331978281,459.98118229121513,514.2738322197303,364.76481827619074,175.51576457201503,71.21682285728907,-77.79925785208937,-113.03987923731867,0.07897121803576011,64.83253020393637,371.9644871903818,464.4336092798921,655.700658756431,862.7628708878386,852.5820376574186,784.1717292903758,694.5136316549052,670.6706653456056,645.9163051399648,719.9597268739678,614.901993724399,distributed_energy,1
dis-029,37.605865223395526,0.14859010066070205,0.6972779272761335,0.9117726892214767,676.1291363471634,501.4324644356087,537.5116898725802,593.1645140903466,503.22178197653676,546.6499096404439,514.8179314140103,533.6649482250313,477.44157823565655,484.0774133002053,344.381934488735,142.3870948381564,83.77668072613093,-75.74704297564257,-101.12113782521205,-11.349396227089983,89.96348384985936,1121.6621772037552,432.0035330373712,577.2733235302736,656.6195482168663,682.2868549937383,727.4392335329081,670.9042860303521,distributed_energy,1
ev_-000,14.447921986551268,0.09989728733542994,0.230149673683473,0.7980856322840251,660.3337111719982,200.13306629096414,200.36694671030418,239.50198637853106,194.8896503410109,293.67624230392755,262.6198618467874,537.9203825812539,560.4375195219675,666.1142087180211,524.1789980071994,490.56770712774414,350.5743358065892,13.613744757988773,197.67183535874557,283.36290549728574,278.29063199306785,497.8363138706774,647.4427657444174,838.5551855035334,922.8169135825394,1062.769779934184,1057.0717218208154,886.5755915222837,ev_charging,2
ev_-001,27.986122045439586,0.18893058958020298,0.41606393881738457,0.901415169950288,18.11528003755988,157.27188258812865,142.18504331492468,101.52009717172443,142.51176162624537,148.7712799269527,180.71937329114377,240.16979738655144,342.74067267362705,404.1725550136358,366.0021083270137,247.01458049995216,174.09791943391434,161.0327702336381,105.73198794820524,180.17786319952472,199.52036926602847,266.8963343965875,399.675520979516,458.7018638844623,576.1431839707607,682.5490834942862,627.7968806691624,514.4599665364732,ev_charging,2
ev_-002,24.196171351519624,0.14093792383985454,0.1126936068539761,0.8401086768939758,889.2082694091573,600.0467579946271,340.60627227267616,312.2718338195872,237.57422656777337,315.5428091429778,336.4954385060588,421.719366090353,433.70392900355415,651.4726217115975,794.3462440726802,665.4228124763086,421.9356203771962,365.9960519808994,324.97149487787715,296.34176017827605,324.2443473825022,360.3759178733626,569.6729011256149,655.8830599043373,924.7113571288448,1174.7099421659682,1305.9107597645361,1100.6391687790394,ev_charging,2
ev_-003,13.029628131350986,0.11302991033567794,0.38633974598547793,0.8483365957966561,,557.3951145653709,403.5115636463599,181.85451097907378,165.63003399800718,195.43752007381175,190.46138530183657,567.3636718253022,,328.8569850846219,424.7324739906705,429.179055986129,432.7600545675551,263.8060562098487,258.48523612811937,216.03499875913553,190.75451295524036,200.05057552493668,225.9818390573549,330.3627540197376,424.72928132346175,601.1318816926449,758.0092023911823,769.3271737398616,ev_charging,2
ev_-004,17.03452826167957,0.08132570493175177,0.5578115780660489,0.9643382987882703,528.0270678292733,407.24782876112135,195.36675706944925,143.9341429875896,159.30130255497193,102.4946746610319,171.33373877841814,163.30970230759706,271.2309835512372,16.33213892617772,437.23612112360513,397.435432065295,244.36834754373632,161.5604104452543,106.30012124439308,155.50317129459745,158.82659881403256,165.52387702972936,289.5136458231263,377.980718162597,502.1372195433255,639.3945733759654,733.2849868534241,671.0826646226187,ev_charging,2
ev_-005,15.899405291241473,0.1745517246760788,0.32692031380580866,0.9418272147229785,303.71876078332275,137.32497465357227,347.9332592689128,192.8743814979518,440.4534557329159,703.329810207088,732.0613980888432,582.6387751790486,417.3881439905665,390.72227446207955,199.46930161917092,342.7774335966794,306.56441694586374,310.283598962977,462.12675776343923,641.3923314549131,982.6569682187927,1193.8175482704107,4068.5201091209915,1138.7835122975405,898.87634306814,753.3349336977666,239.01883403976132,301.5331567051795,ev_charging,0
ev_-006,19.593673455652194,0.08521097574024387,0.27195625894828795,0.806559642189275,792.8241032846624,580.561874162696,183.8343935308083,240.5465066131257,185.90289620713946,147.88469117086404,232.38137387770317,216.39871631381016,370.8339405297447,521.0587842458857,602.7801227396169,641.5652669644161,404.3796908226878,301.6019310437401,176.50136515649058,219.15594784891655,273.22731467670087,272.16039814134524,22.837015371810907,540.5390826591748,792.1834303405682,,1071.5602414609918,963.5461701889349,ev_charging,2
ev_-007,29.791022956371997,0.1640228474017194,0.27088455318993365,0.9296355611240111,200.50650232070046,217.02191558329744,284.90313682552215,210.79958065227683,1358.9439620681026,429.8434138651149,579.7795384941464,558.3723235342854,377.9080833467201,267.1418176711805,203.01447361851552,221.51253259157147,227.19955015912498,252.40350644716753,364.357830635585,535.6617716439318,691.1275307263231,856.1595868436654,902.473059783979,900.5163477993407,739.7655462449834,536.8949765076815,241.2681316750772,203.0183915443316,ev_charging,0
ev_-008,23.581207285427173,0.17454838709902576,0.3689514127322463,0.833102600978336,388.6086345962886,257.9395111389012,866.6169511519448,1061.1869037909319,306.0284806052541,275.6662729364353,530.8575696863678,656.7296559710874,701.7729633012159,719.6246614137101,506.5742307282605,283.0044226512682,383.10502186372776,323.7634068596092,312.3717439144617,450.3220304726057,503.951988629478,697.4196262136298,919.3946430954339,1200.4805987422856,1283.7329070808748,1172.6810388969407,913.0381388955483,705.1645412330469,ev_charging,2
ev_-009,30.953697494261398,0.10623130880873169,0.5482665236124467,0.8048428445415006,615.2402497185117,279.46411187323196,247.20521739593423,331.68160068827046,248.2432610496573,314.0004659846589,313.0937731568013,463.6738984892689,671.7727681309436,706.5339857608685,684.0439307584555,411.466472232354,346.1860171308562,328.65196053184115,311.8968565051499,391.82131130209626,322.62124232659164,412.7612814163193,626.1158121411672,947.8819478453541,1152.3014551796912,1218.7769285693232,1075.7810947406178,952.9061682504835,ev_charging,2
ev_-010,26.322352376374464,0.10223257301721132,0.5539896564499692,0.9682538554547132,251.51960035911912,227.55229885087664,211.81612415455612,379.56826307414167,359.28110178039424,496.35433386617177,648.7015413730894,750.6461745590098,711.3772275574045,476.1582657749424,372.4331837472975,287.4989408084948,275.7657691257497,244.85655812305947,276.50620326366146,485.1948031765244,,892.1603101038835,1174.8020684076923,1267.8964449175346,3746.4478339392,910.4153433750048,721.5403701112313,192.09718860563552,ev_charging,0
ev_-011,26.342729592323295,0.08467037481109081,0.3689296525426997,0.8303905566613875,912.3474957681327,708.9314881293396,275.32508351958734,257.0722280919437,249.31615913473343,304.75645154408744,,375.2519007631485,482.1403664291757,701.2546831191682,760.6190262673882,34.97977487233728,25.921250644885262,305.454631862472,207.30610053638347,,325.34795927097224,288.2519010770063,461.00988534588737,736.3947770083407,937.7522708382486,1146.4982161278992,1328.6131482681967,1120.2727489114322,ev_charging,2
ev_-012,23.43020813644397,0.18225588692078887,0.16911163198855642,0.8871338566595497,907.7090792070082,723.6576161678985,568.8960256207198,211.81343982901524,,217.52042795328208,,240.04309382796853,259.33855283702087,326.2754433881888,497.1978060633765,564.6624224806545,501.80747312674504,436.90193463576446,238.86020965980214,236.9023946685375,257.20979092033815,237.63504056376127,364.2726380022028,1250.469607814703,534.6133028880206,682.669775330018,863.7906690000881,951.9418235853628,ev_charging,2
ev_-013,20.302949494952856,0.11906813756932591,0.37147014090085484,0.8590707192127852,209.55538631529174,292.21869412050864,236.5931000979545,268.7251248820016,305.8917307941126,458.45318467983446,555.3612976974558,630.3201198930783,602.4059869723766,452.78974004995126,323.69969767282515,229.6570747102625,290.90287627333674,247.65636933926876,310.73602950883566,403.075892720582,683.2411553837184,880.5641794083667,1076.6105906827584,1184.027454609769,1173.5608880007217,777.6856516797551,593.6739657635311,220.45702590382442,ev_charging,0
ev_-014,19.11965752591994,0.138729619599461,0.5631163245063554,0.8519849117061119,298.99584198281593,300.432898158157,306.6861781732698,271.1436528346027,441.58633893063615,479.8211808793798,561.2851618142712,696.2122289867237,567.1823310312215,469.4198681656129,333.7979477607854,268.8358796744065,384.03498689820134,334.5507198288833,401.6893681275699,443.575101339261,639.8233487314303,938.8884641119628,1162.2754544747545,1151.3905301330274,1145.2244434215745,937.7913448639457,2371.8069538827945,278.2678370762626,ev_charging,0
ev_-015,37.115182598505754,0.15132374537236973,0.35213348741946293,0.8157398033430567,213.84506330491615,251.56728560427288,268.35855514329296,268.0393692658137,426.69698596663704,588.2221723273008,679.5829646032257,620.6948414239737,359.42108235626324,286.63666350376576,245.90790932501028,237.71154249648794,233.05330423147288,248.40731151135037,415.1839075395442,548.2327093471757,792.7211448939684,939.5510707693234,1000.4425162550566,981.3472330537782,795.3600950853155,603.0063938816475,276.1835574115587,220.29656238437354,ev_charging,0
ev_-016,30.50751834878307,0.1787932088551204,0.6970056503942862,0.7949612250777542,988.5014987967705,858.9738786258349,630.7991906469845,208.36466480088797,203.13296956056615,246.97009796769117,246.23952661721714,221.34546285639135,292.44384789335487,475.6921434216158,551.7850826865615,610.4146611092326,627.8448935769876,443.70302157653845,279.1316011911144,193.83802596889313,226.25014028547648,275.24442303060385,381.12450506024607,395.16531317614005,616.3943315258147,873.8983122055604,,1163.3419477937734,ev_charging,2
ev_-017,37.66458269133659,0.1424520159003128,0.1414839670043569,0.8123606267412475,220.90079546310025,232.13239296011184,11.345089971446328,206.1109898396169,184.88915833000357,,496.2088797801918,511.5098006746346,1763.5913230210997,378.7913120805379,255.62034570596344,106.13938227402674,,295.009983377115,251.53453190607345,290.3301427968764,552.6795003863374,693.2054934047433,892.4199487069926,927.2310179128509,869.3604587224703,705.6792983775915,533.4950771435642,196.9000591881213,ev_charging,0
ev_-018,26.42989391354806,0.12032391698489556,0.41286592609479655,0.8678233067272969,615.7809205526229,233.09754762706675,303.2656590034487,292.9447260759265,366.9633464583374,231.0737028391022,287.49093754513893,414.4616016406721,573.197227647417,640.9052017919873,473.02989368419156,408.8626253815283,326.55837780931984,244.47395736924528,347.46495368661067,281.98279324421907,391.82541617952495,457.75069014926913,664.9200196093159,868.3112021227794,1114.3893744255893,1136.0309409098184,1075.9196592401618,872.1504584479436,ev_charging,2
ev_-019,22.941804297064017,0.10084404049059374,0.17435553565210898,0.8854985677810107,214.75408131000725,129.2354296046187,291.16419031088174,338.39069588402026,496.50054552330397,497.66298385975915,409.07265072421677,341.5716894783081,239.97861512436796,190.04965289383154,206.62731683795084,313.4932914280631,288.86636472123826,382.73809240295816,517.3407645979272,715.9233183114161,812.638849172051,810.5518742740293,812.689742296898,693.0476719154316,455.2039163754472,234.82993897648316,196.1733736992124,114.22487532664412,ev_charging,0
ev_-020,27.02666788597481,0.15610317674142182,0.4789771253027907,0.9238963922205845,539.6028160985529,259.2173879986158,269.9467414336816,206.95043401663642,162.79835626061484,280.44124366849553,335.74089911963677,498.48687050117354,687.8416648651696,776.1666259331729,570.5328315646746,427.25815959639766,343.31181538306294,391.3518824909128,339.11084231427407,342.5754447244353,,421.8676412723541,687.0025468350394,2927.3204731199753,1080.8820923508622,1168.8897933233195,1164.5026259665217,870.438466475066,ev_charging,2
ev_-021,14.115022205715368,0.1100472194798072,0.4164398683948787,0.9458675709263243,623.2280482734363,302.73112078020796,194.61530739520745,242.0370855825513,299.53122883423754,250.28245323047506,252.25905462915176,482.93126524810646,680.2398418524095,715.9658156638793,536.7205884549794,484.7456690685909,250.32217227820567,295.4308647193211,235.45958010729257,243.1017644658664,333.01841877704675,462.57412850300676,633.5476332719278,931.1247963997331,1092.0551188397424,1242.3835608359047,1125.9016030964567,871.2611433765102,ev_charging,2
ev_-022,18.251930395792623,0.09219028466685746,0.46519585157607024,0.962228252040511,207.50897448892576,114.19270238123688,121.72184462661505,195.32140768541953,209.17624154709316,178.87371663074225,258.3444021472167,401.6159387270439,372.9340615539772,331.1020033816428,268.3903605703723,244.46668877039082,159.4963981137437,172.14501544356142,213.9723871445272,276.2299075013345,271.7140300845847,405.34424253817497,604.5956032751571,637.2833215575214,761.207182475877,651.6263712498138,555.6476808397883,398.91734495269685,ev_charging,0
ev_-023,23.072335448280548,0.10493685171061817,0.4291684355933245,0.8208749314348721,467.3006774599284,242.24090595389916,201.62209020612957,208.94823230131828,228.27588774625738,181.23975186344,280.4672761738534,380.06029863857907,581.1222305178177,543.4308211047846,470.59498170350565,378.298269928453,283.67591178812097,198.70352108740474,200.1336976589586,,244.4032622229166,350.6214105768235,517.9436788772094,736.9886277602035,841.3990660991527,861.8325180115039,794.0327812881274,655.5650553202931,ev_charging,2
ev_-024,28.595732716357396,0.11233565180170281,0.42598550574157423,0.8748632488250881,229.517538819055,210.5301141740874,213.01687600991022,253.10488739560566,304.9157739363154,352.46422421144774,541.8677794166995,536.565623538958,548.8946332685398,419.4033782075485,270.6810344122235,314.6227189752489,202.8767151954142,264.36571924595887,302.84695511952947,401.39760067845936,566.4291164739162,782.0012702269017,991.6077151309255,1085.069287839333,957.555784167835,810.3660061704496,542.901214093977,255.3763599094826,ev_charging,0
ev_-025,34.693762756228274,0.09345184909231005,0.655709317764918,0.7849433066747983,292.02601958243935,264.9429677254666,262.24415283663893,337.7548127974125,428.30144440845874,618.1637734600523,686.970619542289,630.9462861841536,423.08712315035683,333.8071061521636,240.8617221399144,224.61431711883733,339.9556428819076,328.3367481087711,459.182155766122,604.2993835932771,791.3261556276772,1005.2205486309041,1140.8993188886338,1028.091128750269,744.0535945077696,590.0546934952549,147.9896606295656,217.10035992319695,ev_charging,0
ev_-026,26.998728625774792,0.11863452202074282,0.6319873348766928,0.9356592832563975,158.7792884982209,150.3872965703748,192.2467891786463,153.30351989974196,230.0265653582145,288.33797434680855,19.32197723547936,438.10192370825683,18.732036956442414,302.54413472216567,173.64996884252088,124.25227613904467,184.56485111828863,197.31842313881478,227.22267270727448,296.21391657845317,392.0326142452548,568.3805715708573,671.324550115034,709.643895851435,663.8325601996352,603.0694509597981,352.24433507964096,179.93963881110213,ev_charging,0
ev_-027,31.597827343016192,0.1705229464912407,0.21902977796891682,0.9161583237781894,712.916079206737,1783.0885654059052,233.9072211864773,204.43946207143955,138.67109493339433,252.61260549053907,284.6280281962338,326.4903046276381,385.8093475567727,518.8733857584691,,581.5929667176895,415.5561951044056,233.66072954242054,239.1573594476313,244.74742385574905,175.28215673558452,309.15136334010054,475.04741754389556,570.9153591092756,800.6501070533028,923.369224010612,982.6817564746979,930.971149001614,ev_charging,2
ev_-028,28.963036797727334,0.1432302804364127,0.38036402073540077,0.8967135515895999,743.1619231167342,1984.9114757613918,249.04451954139057,270.5954006383716,233.94948652772928,288.87429122123496,,308.68460937297846,357.9541543484424,631.2937349015946,,572.9926118854972,326.76153189266836,250.70721341182363,293.50700114895466,251.42613067947713,180.27274643301388,348.31083989643497,386.3466331432505,631.9676657932464,779.664905928229,972.6703264696512,1084.7197941506436,46.410694209225575,ev_charging,2
ev_-029,22.71628113683513,0.17578067106496503,0.5132513276559519,0.8812206811941968,767.4327601329035,518.2261871053187,198.02479159142078,143.5366687930433,,213.7343733425544,257.5613784875336,232.83962491496112,422.88387579597213,476.57537376889934,548.6544695800909,559.2568445049667,369.1423129844169,241.34802836939969,218.92754133881226,271.6105857450241,292.0642798255045,252.29122647739575,375.05784850697637,533.8300778053153,2400.3360843522146,887.5965286321773,956.9817370976601,932.0936765136596,ev_charging,2
